id vendedor ;Nombre ;Apellido ;Genero ;Telefono ;Estado Civil;Contrato ;Cod de Suc;Nombre suc;Tamano;Zona
1;Ted;Gray;Masculino;574-3536-77;Casado;Fijo ;14;Suc 14;B2B;Norte
2;Honey;Allen;femenino;866-4109-18;Casado;Indefenido ;10;Suc 10;B2C;Norte
3;Eleanor;West;femenino;757-0577-03;Soltera;Fijo ;12;Suc 12;B2B;Occidente
4;Michael;Scott;Masculino;364-4542-30;Casado;Fijo ;14;Suc 14;B2B;Norte
5;Haris;Holmes;Masculino;083-0814-87;Soltera;Indefenido ;13;Suc 13;B2C;Oriente
6;Eleanor;Farrell;femenino;510-0230-50;Casado;Indefenido ;15;Suc 15;B2B;Sur
7;Kevin;Perry;Masculino;934-8665-81;Soltera;Indefenido ;13;Suc 13;B2C;Oriente
8;William;Jones;Masculino;793-7197-92;Casado;Indefenido ;14;Suc 14;B2B;Norte
9;Elian;Harris;Masculino;925-6071-55;Soltera;Fijo ;12;Suc 12;B2B;Occidente
10;Melissa;Murphy;femenino;131-2149-15;Soltera;Indefenido ;10;Suc 10;B2C;Norte
11;Amber;Smith;femenino;414-6604-38;Soltera;Fijo ;15;Suc 15;B2B;Sur
12;Carlos;Morgan;Masculino;489-2228-79;Soltera;Indefenido ;12;Suc 12;B2B;Occidente
13;Chester;Taylor;Masculino;176-5152-32;Soltera;Indefenido ;15;Suc 15;B2B;Sur
14;Edward;Morrison;Masculino;503-3395-05;Soltera;Fijo ;10;Suc 10;B2C;Norte
15;Gianna;Murray;femenino;141-7503-06;Casado;Indefenido ;11;Suc 11;B2C;Sur
16;Aiden;Sullivan;Masculino;218-9481-62;Soltera;Fijo ;13;Suc 13;B2C;Oriente
17;Alen;Robinson;Masculino;675-1058-13;Casado;Indefenido ;11;Suc 11;B2C;Sur
18;Ted;Perkins;Masculino;842-6517-43;Casado;Fijo ;15;Suc 15;B2B;Sur
19;Miley;Clark;femenino;203-0519-80;Soltera;Indefenido ;12;Suc 12;B2B;Occidente
20;George;Turner;Masculino;116-4773-45;Soltera;Indefenido ;10;Suc 10;B2C;Norte
21;Carina;Wilson;femenino;183-9370-06;Soltera;Fijo ;12;Suc 12;B2B;Occidente
22;Owen;Davis;Masculino;383-2011-65;Soltera;Indefenido ;13;Suc 13;B2C;Oriente
23;Ted;Kelley;Masculino;033-6664-14;Casado;Indefenido ;14;Suc 14;B2B;Norte
24;Adrian;Riley;Masculino;143-7697-95;Soltera;Fijo ;14;Suc 14;B2B;Norte
25;Rosie;Morgan;femenino;623-4749-76;Soltera;Indefenido ;11;Suc 11;B2C;Sur
26;Emily;Harrison;femenino;884-8394-08;Casado;Indefenido ;11;Suc 11;B2C;Sur
27;Ryan;Riley;Masculino;157-6185-94;Casado;Fijo ;15;Suc 15;B2B;Sur
28;Amelia;Clark;femenino;566-4785-74;Casado;Indefenido ;14;Suc 14;B2B;Norte
29;Jordan;Riley;Masculino;923-3428-05;Casado;Indefenido ;15;Suc 15;B2B;Sur
30;Walter;Evans;Masculino;914-6081-03;Soltera;Fijo ;13;Suc 13;B2C;Oriente
31;Edward;Sullivan;Masculino;964-8837-56;Soltera;Fijo ;13;Suc 13;B2C;Oriente
32;Edith;Kelley;femenino;810-8403-71;Casado;Indefenido ;15;Suc 15;B2B;Sur
33;Brooke;Morris;femenino;711-8427-13;Casado;Fijo ;13;Suc 13;B2C;Oriente
34;Alissa;Williams;femenino;000-2032-28;Soltera;Fijo ;11;Suc 11;B2C;Sur
35;Victoria;Harrison;femenino;884-4600-31;Casado;Fijo ;13;Suc 13;B2C;Oriente
36;Jared;Adams;Masculino;814-7250-55;Casado;Indefenido ;12;Suc 12;B2B;Occidente
37;Aiden;Martin;Masculino;417-6864-10;Casado;Indefenido ;13;Suc 13;B2C;Oriente
38;Alberta;Crawford;femenino;042-3972-95;Casado;Indefenido ;10;Suc 10;B2C;Norte
39;Steven;Ellis;Masculino;352-3045-86;Soltera;Fijo ;14;Suc 14;B2B;Norte
40;Deanna;Martin;femenino;176-9855-96;Casado;Fijo ;13;Suc 13;B2C;Oriente
41;Nicholas;Hill;Masculino;910-7904-80;Soltera;Fijo ;15;Suc 15;B2B;Sur
42;Ted;Carroll;Masculino;299-6613-84;Soltera;Indefenido ;14;Suc 14;B2B;Norte
43;Sabrina;Harrison;femenino;202-3427-33;Casado;Indefenido ;11;Suc 11;B2C;Sur
44;Dominik;Ryan;Masculino;713-2604-08;Casado;Fijo ;12;Suc 12;B2B;Occidente
45;Caroline;Cole;femenino;919-0161-57;Casado;Indefenido ;11;Suc 11;B2C;Sur
46;Kelvin;Gray;Masculino;854-7558-00;Soltera;Indefenido ;10;Suc 10;B2C;Norte
47;Nicole;Harris;femenino;692-7238-58;Soltera;Indefenido ;12;Suc 12;B2B;Occidente
48;Melissa;Johnson;femenino;009-7141-19;Soltera;Indefenido ;13;Suc 13;B2C;Oriente
49;Michelle;Stevens;femenino;366-1611-40;Soltera;Fijo ;11;Suc 11;B2C;Sur
50;Mary;Allen;femenino;399-6817-18;Soltera;Indefenido ;12;Suc 12;B2B;Occidente
51;Freddie;Baker;Masculino;276-7934-29;Soltera;Indefenido ;11;Suc 11;B2C;Sur
52;Grace;Morris;femenino;555-9559-99;Casado;Indefenido ;13;Suc 13;B2C;Oriente
53;Luke;Chapman;Masculino;482-8023-27;Soltera;Indefenido ;13;Suc 13;B2C;Oriente
54;Derek;Mitchell;Masculino;715-1345-27;Soltera;Fijo ;15;Suc 15;B2B;Sur
55;Chloe;Andrews;femenino;734-6305-28;Soltera;Indefenido ;11;Suc 11;B2C;Sur
56;Robert;Sullivan;Masculino;429-8796-75;Soltera;Fijo ;11;Suc 11;B2C;Sur
57;James;Taylor;Masculino;695-4410-12;Soltera;Fijo ;14;Suc 14;B2B;Norte
58;Sarah;Baker;femenino;792-6363-71;Soltera;Fijo ;11;Suc 11;B2C;Sur
59;Alissa;Cooper;femenino;417-2632-63;Casado;Fijo ;11;Suc 11;B2C;Sur
60;Gianna;Stevens;femenino;170-5658-90;Casado;Fijo ;15;Suc 15;B2B;Sur
61;Vivian;Martin;femenino;646-1537-46;Casado;Indefenido ;11;Suc 11;B2C;Sur
62;Bruce;Tucker;Masculino;401-8567-91;Casado;Fijo ;11;Suc 11;B2C;Sur
63;Chester;Richardson;Masculino;586-7588-35;Casado;Indefenido ;10;Suc 10;B2C;Norte
64;Frederick;Perkins;Masculino;218-7499-31;Casado;Indefenido ;10;Suc 10;B2C;Norte
65;Lydia;Chapman;femenino;252-1933-55;Casado;Indefenido ;15;Suc 15;B2B;Sur
66;Edwin;Murphy;Masculino;317-9063-81;Soltera;Indefenido ;11;Suc 11;B2C;Sur
67;Maddie;Hawkins;femenino;404-1252-56;Soltera;Indefenido ;12;Suc 12;B2B;Occidente
68;Alford;Martin;Masculino;141-8853-09;Soltera;Indefenido ;12;Suc 12;B2B;Occidente
69;Kirsten;Brown;femenino;318-7444-18;Casado;Indefenido ;14;Suc 14;B2B;Norte
70;Amy;Morrison;femenino;412-2557-85;Casado;Fijo ;11;Suc 11;B2C;Sur
71;Justin;Adams;Masculino;002-4491-36;Soltera;Fijo ;14;Suc 14;B2B;Norte
72;Andrew;Scott;Masculino;459-7741-97;Casado;Fijo ;14;Suc 14;B2B;Norte
73;James;Payne;Masculino;584-0903-20;Soltera;Fijo ;12;Suc 12;B2B;Occidente
74;Lana;Wilson;femenino;866-7537-92;Soltera;Fijo ;13;Suc 13;B2C;Oriente
75;Robert;Stewart;Masculino;575-6533-44;Soltera;Fijo ;14;Suc 14;B2B;Norte
76;Adrianna;Stewart;femenino;254-2216-36;Soltera;Indefenido ;13;Suc 13;B2C;Oriente
77;Leonardo;Kelly;Masculino;352-7076-17;Soltera;Fijo ;15;Suc 15;B2B;Sur
78;Aston;Payne;Masculino;572-0965-66;Soltera;Indefenido ;11;Suc 11;B2C;Sur
79;Catherine;Harrison;femenino;294-3887-42;Casado;Indefenido ;15;Suc 15;B2B;Sur
80;Myra;Holmes;femenino;277-8312-04;Casado;Fijo ;15;Suc 15;B2B;Sur
81;Adrianna;Reed;femenino;359-0183-62;Soltera;Indefenido ;13;Suc 13;B2C;Oriente
82;Dominik;Reed;Masculino;500-0128-57;Casado;Indefenido ;12;Suc 12;B2B;Occidente
83;Jenna;Harris;femenino;591-9828-29;Casado;Indefenido ;11;Suc 11;B2C;Sur
84;Alina;Cunningham;femenino;703-4521-85;Soltera;Fijo ;11;Suc 11;B2C;Sur
85;Carina;Murray;femenino;852-3607-90;Casado;Indefenido ;11;Suc 11;B2C;Sur
86;Lana;Phillips;femenino;289-5783-66;Casado;Indefenido ;14;Suc 14;B2B;Norte
87;John;Ferguson;Masculino;900-4825-61;Casado;Fijo ;15;Suc 15;B2B;Sur
88;Sydney;Dixon;femenino;867-5683-53;Casado;Fijo ;13;Suc 13;B2C;Oriente
89;Kevin;Wilson;Masculino;536-5919-63;Casado;Fijo ;14;Suc 14;B2B;Norte
90;Dominik;Henderson;Masculino;125-3570-50;Soltera;Indefenido ;11;Suc 11;B2C;Sur
91;Leonardo;Bailey;Masculino;265-9749-74;Casado;Indefenido ;13;Suc 13;B2C;Oriente
92;Victoria;Payne;femenino;664-2312-50;Soltera;Fijo ;11;Suc 11;B2C;Sur
93;Chester;Owens;Masculino;909-7116-91;Soltera;Indefenido ;14;Suc 14;B2B;Norte
94;Kelvin;Turner;Masculino;764-3883-99;Casado;Fijo ;12;Suc 12;B2B;Occidente
95;Connie;Richards;femenino;462-3673-68;Casado;Indefenido ;13;Suc 13;B2C;Oriente
96;Freddie;Roberts;Masculino;305-3808-25;Soltera;Indefenido ;11;Suc 11;B2C;Sur
97;Ashton;Allen;Masculino;737-2088-74;Soltera;Indefenido ;11;Suc 11;B2C;Sur
98;Maya;Harrison;femenino;969-1561-33;Soltera;Indefenido ;13;Suc 13;B2C;Oriente
99;Alisa;Fowler;femenino;822-0344-85;Casado;Fijo ;12;Suc 12;B2B;Occidente
100;Melanie;Armstrong;femenino;948-0222-15;Soltera;Fijo ;12;Suc 12;B2B;Occidente
101;Ellia;Foster;femenino;543-7110-34;Soltera;Indefenido ;15;Suc 15;B2B;Sur
102;Antony;Holmes;Masculino;746-2259-00;Casado;Indefenido ;14;Suc 14;B2B;Norte
103;Martin;Scott;Masculino;969-0647-69;Soltera;Indefenido ;14;Suc 14;B2B;Norte
104;Edward;Crawford;Masculino;352-2076-49;Soltera;Fijo ;14;Suc 14;B2B;Norte
105;Stuart;Kelly;Masculino;924-5144-12;Casado;Fijo ;10;Suc 10;B2C;Norte
